chr,start,end
chr10,30027143,30027144
chr5,4029676,4029677
chr2,233133771,233133772
chr7,107604100,107604101
chr1,55030366,55030367
chr19,11052925,11052926
chr7,130023656,130023657
chr17,33960430,33960431
chr6,133893387,133893388
chr17,2222311,2222312
chr10,102959339,102959340
chr10,102959339,102959340
chr6,12927312,12927313
chr17,17640408,17640409
chr6,12888772,12888773
chr4,147126398,147126399
chr10,89243170,89243171
chr1,56497149,56497150
chr1,56500678,56500679
chr10,44280376,44280377
chr1,222650187,222650188
chr6,35067023,35067024
chr17,2223210,2223211
chr3,138401110,138401111
chr15,74741059,74741060
chr10,30046193,30046194
chr14,99667605,99667606
chr12,111446804,111446805
chr6,160540105,160540106
chr15,78796769,78796770
chr15,78818751,78818752
chr17,48911235,48911236
chr9,97977842,97977843
chr13,110308365,110308366
chr11,126412002,126412003
chr9,22098575,22098576
chr9,22098575,22098576
chr9,133278724,133278725
chrX,110695977,110695978
chr1,109279544,109279545
chr1,109275908,109275909
chr17,64330939,64330940
chr2,202881162,202881163
chr2,187478770,187478771
chr3,15606497,15606498
chr7,117427768,117427769
chr2,187331742,187331743
chr6,12903725,12903726
chr11,116778201,116778202
chr11,103789839,103789840
chr21,34226827,34226828
chr9,22125504,22125505
chr10,89243170,89243171
chr6,81805598,81805599
chr6,159225301,159225302
chr9,22031006,22031007
chr11,117286177,117286178
chr20,63264568,63264569
chr6,41655295,41655296
chr5,1877166,1877167
chr4,87834676,87834677
chr1,56500678,56500679
chr6,12903725,12903726
chr2,21021128,21021129
chr15,58386313,58386314
chr6,25776721,25776722
chr2,27508073,27508074
chr8,19992246,19992247
chr8,19992246,19992247
chr16,56954132,56954133
chr6,26092913,26092914
chr3,165773492,165773493
chr19,44892362,44892363
chr19,44892362,44892363
chr4,88124179,88124180
chr12,121033534,121033535
chr4,10329670,10329671
chr11,117204850,117204851
chr19,11091630,11091631
chr1,109275216,109275217
chr4,10054752,10054753
chr6,32701596,32701597
chr12,111803962,111803963
chr9,22115287,22115288
chr6,96632322,96632323
chr2,215420652,215420653
chr1,154465420,154465421
chr6,31216419,31216420
chr6,43791136,43791137
chr6,12903725,12903726
chr6,12903725,12903726
chr6,12903725,12903726
chr9,22096056,22096057
chr12,112379979,112379980
chr6,133875536,133875537
chr4,155590307,155590308
chr2,19745816,19745817
chr12,89687411,89687412
chr6,32373576,32373577
chr6,12903725,12903726
chr12,111730205,111730206
chr9,22103814,22103815
chr12,110912851,110912852
chr12,111241410,111241411
chr13,28409926,28409927
chr6,160589086,160589087
chr6,160589086,160589087
chr12,111634620,111634621
chr12,111634620,111634621
chr19,11052925,11052926
chr19,11052925,11052926
chr19,11052925,11052926
chr7,130023656,130023657
chr7,130023656,130023657
chr7,130023656,130023657
chr6,133893387,133893388
chr6,133893387,133893388
chr6,133893387,133893388
chr6,34930678,34930679
chr10,102959339,102959340
chr10,102959339,102959340
chr17,17641390,17641391
chr17,17640408,17640409
chr17,17640408,17640409
chr9,22125504,22125505
chr9,22125504,22125505
chr9,22125504,22125505
chr1,56497149,56497150
chr1,56497149,56497150
chr1,56497149,56497150
chr4,147472512,147472513
chr6,160442500,160442501
chr7,19009765,19009766
chr15,78737381,78737382
chr17,2214651,2214652
chr8,19955669,19955670
chr12,111446804,111446805
chr6,12903203,12903204
chr6,12903203,12903204
chr13,110308365,110308366
chr10,44258419,44258420
chr9,133278724,133278725
chr9,133278724,133278725
chr9,133278724,133278725
chr1,109279544,109279545
chr1,109279544,109279545
chr1,109278889,109278890
chr2,202881162,202881163
chr4,147480038,147480039
chr15,78849442,78849443
chr2,202888349,202888350
chr2,202888349,202888350
chr15,78727236,78727237
chr11,116741017,116741018
chr6,71484004,71484005
chr6,12901209,12901210
chr11,116778201,116778202
chr3,138403280,138403281
chr21,34226827,34226828
chr1,202500595,202500596
chr4,110812980,110812981
chr15,84545426,84545427
chr12,111672685,111672686
chr19,2160530,2160531
chr3,17082892,17082893
chr9,22098575,22098576
chr4,86311831,86311832
chr22,23548649,23548650
chr12,111569952,111569953
chr15,78787892,78787893
chr9,22098575,22098576
chr1,109275908,109275909
chr7,151423862,151423863
chr5,142484039,142484040
chr13,84480131,84480132